TICKER;PRECO; LIQUIDEZ MEDIA DIARIA; VALOR DE MERCADO
AALR3;12,54;18.345.947,63;1.483.391.912,64
ABCB4;17,34;13.247.389,83;3.920.402.646,12
ABEV3;19,38;468.816.088,96;305.026.535.192,76
ADHM3;1,56;94.201,44;25.439.770,20
AERI3;9,87;32.712.787,17;7.562.526.810,72
AESB3;14,46;16.281.718,04;5.771.080.279,20
AFLT3;9,88;13.474,91;623.276.836,00
AGRO3;33,55;39.365.803,75;3.434.748.618,40
AHEB3;23,83;32.329,23;203.081.409,08
AHEB5;20,01;7.967,75;203.081.409,08
AHEB6;35,99;6.699,75;203.081.409,08
ALLD3;19,55;2.565.229,92;1.778.526.235,95
ALPA3;41,64;232.706,79;26.094.520.539,54
ALPA4;47,26;108.959.109,46;26.094.520.539,54
ALPK3;8,44;242.061,21;1.635.428.134,64
ALSO3;31,64;48.073.884,79;8.409.050.695,92
ALUP11;28,15;23.617.883,79;8.248.994.074,12
ALUP3;9,19;190.320,79;8.248.994.074,12
ALUP4;9,54;245.452,63;8.248.994.074,12
AMAR3;8,23;56.367.867,08;2.153.517.261,97
AMBP3;32,5;15.802.594,42;3.670.406.610,00
ANIM3;12,89;25.788.892,38;5.205.868.896,45
APER3;50,22;6.466.242,04;576.532.329,48
APTI3;197,64;;44.442.750,00
APTI4;3.500,00;;44.442.750,00
ARZZ3;85,8;52.710.610,46;8.548.375.321,20
ASAI3;87,97;135.305.203,33;23.606.887.348,99
ATMP3;9,7;3.073.499,29;240.448.178,40
ATOM3;8,12;933.463,08;169.699.831,28
AURA33;66,25;13.888.971,58;4.686.687.975,00
AVLL3;25,9;127.044,50;580.569.064,60
AZEV3;9,6;1.456.664,71;182.160.000,00
AZEV4;9;4.609.824,38;182.160.000,00
AZUL4;44,71;302.221.693,92;56.447.020.657,11
B3SA3;17,24;727.026.810,00;105.612.240.000,00
BAHI3;74,6;67.130,26;180.462.622,00
BALM3;18,54;16.887,84;182.917.000,00
BALM4;18,79;78.325,36;182.917.000,00
BAUH4;89,99;51.185,77;469.947.757,78
BAZA3;41;125.884,68;1.215.484.647,00
BBAS3;35,75;463.365.451,54;102.438.658.465,00
BBDC3;24,08;151.624.663,63;253.477.922.397,01
BBDC4;28,09;1.042.460.665,25;253.477.922.397,01
BBML3;3.936,42;;160.451.699.191,56
BBRK3;1,87;3.741.044,33;146.854.510,88
BBSE3;24,19;121.190.860,92;48.380.000.000,00
BDLL3;10,8;34.892,29;16.297.120,08
BDLL4;9,81;49.440,46;16.297.120,08
BEEF3;10,13;86.438.359,25;5.567.742.124,55
BEES3;5,29;244.920,88;1.714.316.665,40
BEES4;5,8;20.455,50;1.714.316.665,40
BFRE11;0;;
BFRE12;0;;
BGIP3;37,8;32.147,07;487.594.371,00
BGIP4;26;32.096,86;487.594.371,00
BIDI11;66,24;302.214.309,92;50.636.813.284,80
BIDI3;22,01;23.588.099,21;50.636.813.284,80
BIDI4;22,15;189.452.421,92;50.636.813.284,80
BIOM3;15,99;207.116,38;1.082.782.869,48
BKBR3;11,55;25.361.294,54;3.180.355.412,85
BLAU3;47,99;13.526.167,00;8.609.115.132,61
BMEB3;20,29;10.229,45;1.039.909.256,68
BMEB4;19,1;112.426,46;1.039.909.256,68
BMGB4;5,08;10.474.187,21;2.962.820.647,88
BMIN3;24,5;74.970,92;116.037.260,99
BMIN4;21,43;57.721,50;116.037.260,99
BMKS3;255;25.850,00;115.961.250,00
BMOB3;21,3;29.402.888,08;1.936.363.659,60
BNBR3;69,01;32.091,00;5.960.494.730,64
BOAS3;10,86;12.114.344,79;5.740.116.639,60
BOBR3;0;;293.717.764,18
BOBR4;2,39;333.143,67;293.717.764,18
BPAC11;122,25;515.631.925,92;113.938.642.469,50
BPAC3;78,5;537.404,67;113.938.642.469,50
BPAC5;27,98;295.398,71;113.938.642.469,50
BPAN4;23,96;128.221.066,08;28.873.144.659,16
BPAR3;182,07;;1.733.606.633,43
BPAT33;44,05;;1.533.769.021,00
BPHA3;0,62;;70.110.298,74
BRAP3;61,51;3.236.441,33;23.544.234.266,11
BRAP4;70,97;168.855.733,79;23.544.234.266,11
BRDT3;27,5;226.925.793,17;32.037.500.000,00
BRFS3;28,65;464.167.518,17;23.277.358.497,90
BRGE11;10,3;4.457,14;811.904.768,12
BRGE12;6,5;2.327,33;811.904.768,12
BRGE3;9,11;16.986,61;811.904.768,12
BRGE5;10,2;1.488,83;811.904.768,12
BRGE6;13,35;2.790,25;811.904.768,12
BRGE7;5,4;;811.904.768,12
BRGE8;9,99;6.479,40;811.904.768,12
BRIV3;10,25;28.073,79;853.722.380,75
BRIV4;8,7;32.503,70;853.722.380,75
BRKM3;57,66;1.210.205,46;46.399.559.201,14
BRKM5;58,91;254.077.360,17;46.399.559.201,14
BRKM6;42,95;16.477,64;46.399.559.201,14
BRML3;11,75;180.467.230,58;10.259.410.662,75
BRPR3;9,92;14.470.473,54;4.875.782.007,36
BRQB3;0;;0
BRSR3;15,3;244.999,79;6.039.126.187,58
BRSR5;20,09;20.105,06;6.039.126.187,58
BRSR6;14,23;22.281.647,13;6.039.126.187,58
BSEV3;9;1.097.133,50;9.183.864.834,00
BSLI3;37,42;54.664,32;12.601.177.030,00
BSLI4;25,55;123.715,61;12.601.177.030,00
BTOW3;64,35;197.523.814,25;36.041.518.784,70
BTTL3;22,32;573.234,50;331.687.877,76
BTTL4;11.091,73;;331.687.877,76
CALI3;98,18;;24.582.197,20
CALI4;50;9.554,00;24.582.197,20
CAMB3;5,8;410.222,96;245.137.464,00
CAMB4;6,25;;245.137.464,00
CAML3;10,18;14.036.160,13;3.766.600.000,00
CARD3;26;10.107.405,00;1.086.800.000,00
CASH3;37,97;133.593.996,71;4.800.661.010,00
CASN3;14,3;1.520,00;9.067.999.874,79
CASN4;8,37;;9.067.999.874,79
CATA3;103,61;;14.940.354,78
CATA4;0;;14.940.354,78
CBEE3;24,01;24.998,30;4.000.890.167,26
CCPR3;14,01;6.012.514,50;2.138.548.674,45
CCRO3;13,69;185.347.902,42;27.653.800.000,00
CCXC3;1,16;;1.973.425,64
CEAB3;14,57;20.969.486,25;4.491.130.640,76
CEBR3;193;619.667,13;2.782.072.630,80
CEBR5;191;148.309,73;2.782.072.630,80
CEBR6;192,96;380.924,90;2.782.072.630,80
CEDO3;10,39;35.853,52;88.016.284,80
CEDO4;6,69;338.476,63;88.016.284,80
CEEB3;40;51.744,09;12.760.680.005,04
CEEB5;38;13.925,00;12.760.680.005,04
CEEB6;60,68;;12.760.680.005,04
CEED3;60,01;27.231,86;580.939.927,32
CEED4;60;12.226,50;580.939.927,32
CEGR3;60;50.848,40;15.578.263.920,00
CEPE3;125,67;92.909,67;8.556.621.194,31
CEPE5;27;29.862,86;8.556.621.194,31
CEPE6;27,12;10.867,43;8.556.621.194,31
CESP3;28,25;142.917,50;8.302.193.819,05
CESP5;39;28.286,61;8.302.193.819,05
CESP6;23,9;53.179.945,75;8.302.193.819,05
CGAS3;157,2;35.179,17;20.832.236.276,40
CGAS5;158,49;296.712,29;20.832.236.276,40
CGRA3;33,89;37.400,42;674.853.830,44
CGRA4;34,95;593.723,38;674.853.830,44
CIEL3;4,29;114.032.131,25;11.655.136.611,69
CLSC3;70,02;107.569,71;2.707.235.248,94
CLSC4;70,3;371.755,88;2.707.235.248,94
CMIG3;16,83;8.156.832,92;25.083.487.539,42
CMIG4;13,8;111.075.920,63;25.083.487.539,42
CMIN3;9,46;151.450.535,21;52.893.188.465,48
CMSA3;0;;0
CMSA4;0;;0
CNSY3;30,22;;935.885.083,86
COCE3;72,42;20.177,38;3.601.718.813,64
COCE5;57,87;1.344.905,50;3.601.718.813,64
COCE6;4,05;;3.601.718.813,64
COGN3;4,63;158.593.089,04;8.688.686.752,30
CORR3;2,71;;1.278.894,65
CORR4;82;;1.278.894,65
CPFE3;29,87;59.541.133,75;34.417.840.122,80
CPLE11;31,23;27.115.877,92;17.092.514.722,50
CPLE3;5,76;11.150.917,13;17.092.514.722,50
CPLE5;134,06;;17.092.514.722,50
CPLE6;6,43;56.829.672,88;17.092.514.722,50
CPRE3;18,23;5.456,00;10.824.655.047,92
CRDE3;24,6;18.324,20;59.584.963,80
CREM3;14,5;;465.122.474,00
CRFB3;22,8;90.193.888,21;45.264.666.378,00
CRIV3;5,41;20.293,91;594.052.509,04
CRIV4;6,25;20.171,39;594.052.509,04
CRPG3;70;7.000,00;2.139.570.693,26
CRPG5;75,74;942.641,08;2.139.570.693,26
CRPG6;73,8;564.865,08;2.139.570.693,26
CSAB3;65,8;10.980,00;444.672.000,00
CSAB4;50;32.198,50;444.672.000,00
CSAN3;24,6;155.043.821,50;46.102.144.927,20
CSED3;14,73;6.204.091,38;5.624.241.595,20
CSMG3;17,81;34.202.651,58;6.772.307.158,89
CSNA3;45,62;543.072.814,79;63.298.847.024,14
CSRN3;18,4;63.730,50;3.349.358.435,50
CSRN5;17;20.528,93;3.349.358.435,50
CSRN6;25,1;25.475,36;3.349.358.435,50
CTCA3;0;;0
CTKA3;28,88;40.098,61;170.960.341,92
CTKA4;26,4;149.990,10;170.960.341,92
CTNM3;12,7;53.289,00;302.119.987,50
CTNM4;7,5;242.811,54;302.119.987,50
CTSA3;2,7;180.910,17;300.507.651,00
CTSA4;2,69;336.716,79;300.507.651,00
CTSA8;0;;300.507.651,00
CURY3;9,72;9.807.993,75;2.837.025.855,36
CVCB3;27,11;135.378.291,04;5.453.915.464,38
CXSE3;11,7;63.652.398,50;35.100.000.000,00
CYRE3;26,2;164.838.068,13;10.473.261.333,80
DASA3;65,1;16.815.618,50;35.672.403.538,80
DIRR3;14,18;22.255.878,54;2.127.000.000,00
DMMO3;1,06;8.350.184,96;328.698.654,20
DMVF3;9,63;2.733.294,63;487.305.368,46
DOHL3;27;10.952,23;1.610.402.409,00
DOHL4;6,6;267.850,58;1.610.402.409,00
DOTZ3;13,14;10.776.985,25;1.719.947.843,28
DTCY3;10,1;18.365,95;136.083.810,60
DTCY4;62,6;;136.083.810,60
DTEX3;22,64;54.901.363,71;15.662.001.102,64
EALT3;15,51;31.925,54;253.222.500,00
EALT4;8;555.991,83;253.222.500,00
ECOR3;13,08;59.070.392,00;7.307.783.966,40
ECPR3;77;7.733,00;139.130.874,01
ECPR4;68,79;24.877,00;139.130.874,01
EEEL3;520;52.000,00;5.033.401.114,36
EEEL4;592,63;60.000,00;5.033.401.114,36
EGIE3;40,73;66.559.141,92;33.232.736.850,20
EKTR3;43;4.967,50;6.701.595.707,00
EKTR4;27;123.408,10;6.701.595.707,00
ELEK3;19,11;11.501,50;905.051.916,30
ELEK4;36,99;52.244,08;905.051.916,30
ELET3;45,61;296.250.780,33;71.600.952.052,20
ELET5;63,23;49.082,57;71.600.952.052,20
ELET6;45,76;135.915.566,04;71.600.952.052,20
ELMD3;19,57;3.682.941,75;2.702.095.224,66
ELPL3;8,41;;1.660.696.309,42
EMAE3;25,35;;2.414.570.474,70
EMAE4;91,8;449.935,88;2.414.570.474,70
EMBR3;17,26;169.801.190,50;12.780.426.659,44
ENAT3;16,37;24.107.834,88;4.351.259.034,85
ENBR3;18,81;65.038.255,50;11.414.855.911,14
ENEV3;17,94;103.677.460,58;22.712.725.648,86
ENGI11;47,03;78.292.907,75;17.067.769.325,46
ENGI3;17,61;298.121,04;17.067.769.325,46
ENGI4;7,36;285.060,42;17.067.769.325,46
ENJU3;10,68;20.298.873,92;2.113.099.762,44
ENMA3B;50,49;;
ENMA6B;83,99;;
ENMT3;59;64.290,90;12.917.574.401,00
ENMT4;59;41.851,42;12.917.574.401,00
EQPA3;4,95;165.282,29;10.937.632.931,83
EQPA5;5,56;60.461,00;10.937.632.931,83
EQPA6;10,48;1.068,00;10.937.632.931,83
EQPA7;5,38;32.237,63;10.937.632.931,83
EQTL3;24,89;152.978.449,83;25.151.620.905,65
ESPA3;19,14;26.525.073,67;4.674.668.733,24
ESTR3;17,8;;27.430.010,00
ESTR4;42;37.551,14;27.430.010,00
ETER3;32,71;108.686.930,96;1.690.307.404,05
EUCA3;22,05;151.354,54;1.387.526.792,28
EUCA4;11,38;4.708.052,50;1.387.526.792,28
EVEN3;11,22;15.810.583,58;2.378.640.000,00
EZTC3;33,81;87.560.096,88;7.674.870.000,00
FBMC3;0;;904.253,84
FBMC4;1,96;;904.253,84
FESA3;52,11;51.135,65;3.929.945.600,00
FESA4;40,69;21.752.862,54;3.929.945.600,00
FHER3;33,35;65.509.960,00;1.796.140.421,40
FIGE3;0;;0
FIGE4;0;;0
FLEX3;0;;0
FLRY3;26,85;48.845.930,21;8.521.279.865,55
FNCN3;0;;0
FRAS3;12,17;1.900.526,33;2.647.782.394,31
FRIO3;70,99;127.840,50;291.538.466,46
FRTA3;8,2;318.105,08;16.409.069,20
FTRT3B;0;;0
G2DI33;6,14;1.691.150,93;628.356.400,64
GBIO33;10,4;5.159.958,21;1.108.871.982,40
GEPA3;37,2;11.326,29;3.477.033.480,06
GEPA4;36,63;47.889,04;3.477.033.480,06
GFSA3;4,65;21.814.414,17;1.398.143.869,65
GGBR3;27,59;4.980.446,88;53.026.556.468,67
GGBR4;32,46;529.145.960,38;53.026.556.468,67
GGPS3;17,29;13.375.089,42;11.540.915.759,10
GMAT3;8,03;33.792.818,63;17.741.049.014,37
GNDI3;86,1;261.947.826,46;52.972.347.134,70
GOAU3;13,81;1.628.449,58;15.520.321.049,34
GOAU4;14,51;163.524.194,42;15.520.321.049,34
GOLL4;26,48;163.684.445,46;83.086.480.486,16
GPAR3;48,51;17.826,38;3.780.308.236,32
GPCP3;51;14.450.323,00;1.588.822.052,85
GPCP4;46,11;219.616,57;1.588.822.052,85
GPIV33;5,1;1.058.009,29;384.139.813,20
GRND3;10,2;19.463.526,25;9.202.032.000,00
GSHP3;42,6;102.388,45;82.165.559,40
GUAR3;22;17.454.729,04;10.982.400.000,00
HAGA3;4,18;162.585,25;44.347.333,56
HAGA4;3,5;1.106.204,75;44.347.333,56
HAPV3;15,68;169.665.632,29;60.366.895.030,40
HBOR3;9,78;17.312.449,88;1.309.063.484,16
HBRE3;16,07;2.927.226,79;1.658.246.924,67
HBSA3;6,52;53.008.652,79;4.957.694.832,36
HBTS5;32,9;78.381,75;300.498.302,30
HETA3;4,01;;4.071.125,97
HETA4;9,99;30.006,04;4.071.125,97
HGTX3;32,46;70.307.908,33;5.275.851.595,02
HOOT3;0;;21.473.023,68
HOOT4;2,72;13.720,92;21.473.023,68
HYPE3;35,85;101.804.691,46;22.708.136.504,55
IDVL3;2,16;289.164,47;224.007.574,38
IDVL4;2,67;89.696,16;224.007.574,38
IFCM3;16,35;8.727.192,70;3.885.752.870,10
IGBR3;13,05;712.840,50;163.189.806,30
IGSN3;0;;0
IGTA3;45,58;91.984.708,79;8.049.955.725,24
INEP3;60,92;2.224.181,88;504.706.676,72
INEP4;61,3;3.198.570,00;504.706.676,72
INNT3;0;;0
INTB3;29,87;56.665.326,67;9.785.743.855,70
IRBR3;6,1;134.147.353,13;7.734.131.025,20
ITEC3;40,1;;443.994.658,60
ITSA3;12,5;2.271.353,04;101.822.600.329,00
ITSA4;11,9;338.443.513,33;101.822.600.329,00
ITUB3;28,55;15.606.110,83;297.983.065.994,37
ITUB4;32,28;1.022.931.050,83;297.983.065.994,37
JALL3;8,93;6.798.776,83;2.631.645.022,63
JBDU3;7;1.302.543,08;29.111.156,00
JBDU4;5,2;1.832.276,58;29.111.156,00
JBSS3;29,66;385.669.483,54;74.480.286.938,20
JFEN3;3;440.549,42;315.611.445,00
JHSF3;7,94;40.442.029,25;5.470.853.362,82
JOPA3;32;17.929,29;344.143.812,24
JOPA4;73,93;23.537,50;344.143.812,24
JPSA3;31,23;9.542.581,33;2.744.778.904,02
JSLG3;11,24;4.533.116,63;3.147.099.716,72
KEPL3;55,14;11.922.244,42;1.450.842.080,94
KLBN11;25,38;190.778.871,21;28.516.423.629,46
KLBN3;5,55;1.657.078,29;28.516.423.629,46
KLBN4;4,97;9.252.283,29;28.516.423.629,46
LAME3;20,34;78.312.461,67;39.340.216.661,40
LAME4;21,15;240.449.279,25;39.340.216.661,40
LAVV3;8,35;13.382.027,38;1.792.149.244,20
LCAM3;28,82;69.985.686,67;14.661.581.625,02
LEVE3;33,1;22.914.691,17;4.247.011.350,00
LHER3;0;;0
LHER4;0;;0
LIGT3;16,61;40.538.060,63;6.188.143.931,64
LINX3;37,47;21.646.217,17;7.097.153.731,20
LIPR3;72;99.074,00;847.072.008,00
LJQQ3;21,94;40.398.403,88;4.109.148.501,86
LLIS3;4,03;5.226.925,79;277.468.840,87
LOGG3;32,2;8.872.358,92;3.289.524.758,80
LOGN3;19,92;15.650.783,38;2.108.355.747,84
LPSB3;4,52;5.643.699,50;666.946.932,12
LREN3;48,1;434.017.237,79;43.218.228.787,50
LTEL3B;86,61;;18.664.056.853,83
LUPA3;8,44;33.568.507,63;240.351.796,44
LUXM3;0;;211.148.280,00
LUXM4;72,86;46.824,42;211.148.280,00
LWSA3;24,29;208.083.041,00;14.220.866.441,88
MAPT3;37;14.800,00;36.785.755,00
MAPT4;43;8.675,50;36.785.755,00
MATD3;16,05;10.378.520,75;5.698.666.342,65
MBLY3;17,75;3.565.005,79;1.890.195.796,00
MDIA3;30,14;37.179.043,96;10.217.460.000,00
MDNE3;8,75;2.674.791,79;742.957.031,25
MEAL3;4,27;15.697.473,50;1.222.797.893,10
MELK3;6,89;4.146.199,00;1.432.908.759,49
MERC3;29,35;85.454,18;391.169.365,75
MERC4;11,8;32.493,56;391.169.365,75
MGEL3;19,13;;122.375.307,60
MGEL4;22,29;564.081,42;122.375.307,60
MGLU3;20,85;421.270.708,58;135.502.624.780,80
MILS3;8,32;19.652.946,13;2.098.043.833,60
MMXM3;14;6.294.058,38;90.834.562,00
MNDL3;49;256.969,16;121.532.740,00
MNPR3;20,99;818.719,67;149.031.099,00
MOAR3;301;123.242,43;3.687.617.521,00
MODL11;18,2;14.107.908,42;4.272.146.666,67
MODL3;8,42;3.317.668,67;4.272.146.666,67
MODL4;5;3.742.043,67;4.272.146.666,67
MOSI3;19,7;30.943.578,58;2.493.936.866,00
MOVI3;19,77;43.053.505,25;5.909.668.446,78
MRFG3;18,72;224.151.597,54;13.316.844.771,36
MRSA3B;41,52;13.853,00;10.466.167.776,09
MRSA5B;17,45;9.900,00;10.466.167.776,09
MRSA6B;29,31;5.801,00;10.466.167.776,09
MRVE3;18,05;61.123.328,58;8.715.894.345,65
MSPA3;48;13.800,00;312.225.541,76
MSPA4;54,19;16.486,00;312.225.541,76
MSRO3;702,5;;18.271.898.550,00
MTIG3;0;;8.205.696,00
MTIG4;51;16.964,67;8.205.696,00
MTRE3;12,65;16.951.505,71;1.338.051.473,00
MTSA3;60;12.000,00;474.364.785,00
MTSA4;45;249.920,50;474.364.785,00
MULT3;27,51;138.474.548,25;16.526.931.671,25
MWET3;44,43;25.084,92;50.510.253,63
MWET4;14,6;250.098,00;50.510.253,63
MYPK3;17,78;40.718.297,29;2.733.134.505,78
NAFG3;64,37;;508.315.292,42
NAFG4;19,02;;508.315.292,42
NEMO3;0;;0
NEMO5;52,97;;0
NEMO6;0;;0
NEOE3;18,78;44.340.874,50;22.795.112.317,44
NGRD3;6,41;17.022.099,58;1.529.825.535,30
NINJ3;19,2;11.166.018,64;964.312.569,60
NORD3;20,11;19.312,24;133.158.083,46
NRTQ3;0;;0
NTCO3;54,43;274.511.878,38;74.931.306.176,76
NUTR3;240;251.093,56;30.706.560,00
ODER4;1,6;37.500,00;18.059.369,60
ODPV3;12,87;11.982.523,17;6.837.763.973,04
OFSA3;38,24;1.737.601,33;2.063.009.989,44
OGXP3;1,63;;52.747.073,84
OIBR3;1,64;101.467.598,63;9.868.996.180,70
OIBR4;2,3;3.878.701,46;9.868.996.180,70
OMGE3;39,39;24.940.739,13;7.729.390.786,65
OPCT3;8,28;6.924.338,13;1.655.665.107,12
ORVR3;26,78;9.622.949,88;1.913.430.196,60
OSXB3;10,71;290.073,96;33.715.486,98
PARD3;21,81;7.240.880,83;2.856.643.156,95
PATI3;90;54.381,00;1.667.760.150,00
PATI4;120;77.832,20;1.667.760.150,00
PCAR3;41,75;144.300.368,04;11.226.394.347,75
PCAR4;72,11;;11.226.394.347,75
PDGR3;6,95;1.260.174,04;56.065.337,25
PDTC3;8,59;2.690.241,33;673.883.601,61
PEAB3;69,1;81.219,63;893.736.834,90
PEAB4;70;36.535,00;893.736.834,90
PETR3;28,93;530.135.350,54;374.968.417.786,06
PETR4;28,5;2.023.106.616,04;374.968.417.786,06
PETZ3;22,95;94.403.350,79;9.042.097.994,10
PFRM3;6,61;3.322.464,04;818.402.429,53
PGMN3;11,88;11.953.282,88;5.272.119.016,56
PINE3;0;;223.546.159,76
PINE4;3,08;4.884.277,96;223.546.159,76
PLAS3;15,41;286.305,71;191.475.691,38
PLPL3;6,45;7.664.020,75;1.317.451.200,00
PMAM3;15,87;14.444.195,25;688.819.083,63
PNVL3;21,19;18.663.144,58;3.207.307.183,00
PNVL4;21;339.937,67;3.207.307.183,00
POMO3;2,74;723.506,29;2.739.750.609,80
POMO4;2,98;12.743.997,04;2.739.750.609,80
POSI3;15,58;131.945.075,58;2.209.244.000,00
POWE3;15,32;2.479.668,46;1.373.512.393,92
PPAR3;14,6;;1.080.400,00
PPLA11;9,1;45.803,83;25.613.460,60
PRIO3;20,5;243.488.318,96;18.005.782.322,50
PRNR3;8,81;2.600.356,67;342.238.783,87
PSSA3;53,76;57.428.119,13;17.380.233.292,80
PTBL3;14;54.324.835,33;2.163.411.054,00
PTCA11;0;;0
PTCA3;0;;0
PTNT3;13,45;276.329,08;393.832.299,28
PTNT4;5,57;217.638,92;393.832.299,28
QUAL3;28,45;86.398.823,54;8.080.207.546,25
QUSW3;0;;0
QVQP3B;0;;0
RADL3;28,03;150.890.674,08;46.303.597.900,00
RAIL3;21,29;161.813.179,71;39.475.040.660,39
RANI3;9,33;24.152.993,25;2.395.199.792,55
RANI4;5,5;644.391,25;2.395.199.792,55
RAPT3;12,55;282.857,42;4.937.855.738,97
RAPT4;15,16;49.069.081,71;4.937.855.738,97
RCSL3;7,35;14.495.319,75;278.005.889,94
RCSL4;1,81;6.503.829,96;278.005.889,94
RDNI3;11,48;257.037,75;502.477.395,84
RDOR3;69;257.006.864,17;136.987.573.695,00
RECV3;16,79;20.934.427,36;4.169.352.102,28
REDE3;7,78;142.467,58;16.418.315.849,72
RENT3;66,65;375.200.401,17;50.551.803.555,50
RLOG3;23,08;105.214.775,75;10.691.215.482,28
RNEW11;13,24;100.496,29;441.962.083,28
RNEW3;4,86;99.262,00;441.962.083,28
RNEW4;4,21;160.000,96;441.962.083,28
ROMI3;29,43;37.372.153,38;2.158.217.324,46
RPAD3;7,4;16.517,09;742.273.995,23
RPAD5;10,39;33.243,25;742.273.995,23
RPAD6;5,9;27.049,91;742.273.995,23
RPMG3;4,52;1.170.871,00;305.966.163,08
RRRP3;41,24;77.361.579,54;5.458.519.884,08
RSID3;10,03;1.400.206,92;172.047.970,11
RSUL3;0;;69.600.000,00
RSUL4;290;579.010,91;69.600.000,00
SANB11;44,97;94.462.073,33;168.604.470.681,74
SANB3;21,4;964.408,04;168.604.470.681,74
SANB4;23,18;2.129.209,67;168.604.470.681,74
SAPR11;20,29;38.356.174,46;6.132.471.996,10
SAPR3;4,06;3.090.076,29;6.132.471.996,10
SAPR4;4,11;14.825.283,88;6.132.471.996,10
SBFG3;34,9;33.230.173,71;8.448.945.362,50
SBSP3;39,02;127.509.342,38;26.670.555.088,38
SCAR3;41,9;780.712,13;2.419.193.666,10
SEDU3;23,8;;6.238.667.820,00
SEER3;16,31;12.252.605,21;2.099.448.643,60
SEQL3;23,99;26.224.557,75;3.299.429.816,52
SGPS3;14,46;2.097.503,46;723.000.000,00
SHOW3;5,6;6.941.984,67;377.510.722,40
SHUL3;0;;1.157.476.800,48
SHUL4;11,31;6.797.692,92;1.157.476.800,48
SIMH3;53;28.011.073,71;10.945.580.458,00
SLCE3;51,24;87.369.649,46;9.766.087.800,00
SLED3;1,04;426.437,29;47.195.235,01
SLED4;0,57;706.899,67;47.195.235,01
SMFT3;0;;0
SMLS3;22,4;17.175.140,67;2.781.160.547,20
SMTO3;35,85;32.699.771,38;12.691.306.144,65
SNSY3;16,99;30.339,10;81.579.116,80
SNSY5;7,2;278.352,88;81.579.116,80
SNSY6;13,33;1.033,67;81.579.116,80
SOJA3;15,67;15.891.573,96;1.835.588.908,42
SOMA3;15,52;46.642.326,21;7.536.559.522,24
SOND3;40,2;4.020,00;113.689.231,00
SOND5;52,5;11.313,80;113.689.231,00
SOND6;49,49;34.645,00;113.689.231,00
SPRT3B;76,4;;370.531.748,80
SQIA3;23,09;13.083.802,17;1.628.972.069,08
STBP3;9,12;51.196.874,25;7.865.802.807,36
STKF3;0;;0
STTR3;0;;0
SULA11;33,73;205.128.709,33;14.363.738.470,43
SULA3;12,58;416.756,67;14.363.738.470,43
SULA4;10,67;574.695,67;14.363.738.470,43
SUZB3;58,6;463.558.360,79;79.770.046.022,40
TAEE11;40;91.403.157,92;13.779.956.280,00
TAEE3;13,27;1.887.587,71;13.779.956.280,00
TAEE4;13,38;4.415.379,54;13.779.956.280,00
TASA3;24,06;2.324.890,79;2.414.350.347,50
TASA4;24,14;55.225.621,79;2.414.350.347,50
TCNO3;2,75;368.426,17;16.669.929,74
TCNO4;2,39;676.623,25;16.669.929,74
TCSA3;9,03;10.438.380,88;664.781.646,90
TECN3;2,48;9.575.847,38;194.695.413,20
TEKA3;39,72;16.854,07;12.630.151,00
TEKA4;17,78;110.557,92;12.630.151,00
TELB3;72,5;76.738,74;4.156.284.368,50
TELB4;31;316.954,75;4.156.284.368,50
TEND3;25,57;27.921.092,25;2.668.082.370,22
TESA3;46,63;1.965.886,71;1.015.934.478,09
TFCO4;13,6;1.530.724,79;12.909.721.650,40
TGMA3;24,09;9.111.213,96;1.590.010.222,35
TIET11;12,54;31.123.800,68;5.004.795.800,93
TIET3;3,49;558.793,42;5.004.795.800,93
TIET4;3,51;1.764.454,32;5.004.795.800,93
TIMS3;12,4;54.647.476,92;30.017.974.535,20
TKNO3;69,63;;190.791.673,63
TKNO4;59;9.280,00;190.791.673,63
TOTS3;34,89;140.785.877,54;20.163.390.885,09
TOYB3;2,29;;71.890.222,22
TOYB4;2,5;;71.890.222,22
TPIS3;3,67;23.358.397,33;645.920.000,00
TRIS3;10,81;12.870.101,92;2.017.335.585,78
TRPL3;31,9;116.314,46;19.121.904.842,04
TRPL4;27,17;33.752.047,92;19.121.904.842,04
TUPY3;25,33;34.735.730,42;3.652.016.075,00
TXRX3;34,93;18.698,38;78.513.547,87
TXRX4;9,86;52.268,83;78.513.547,87
UCAS3;5,35;696.426,42;353.562.047,40
UGPA3;21,14;141.930.345,13;23.572.720.402,14
UNIP3;98,75;5.537.528,67;9.881.755.722,12
UNIP5;106;203.174,62;9.881.755.722,12
UNIP6;107,81;40.432.928,25;9.881.755.722,12
USIM3;19,88;10.528.915,13;24.456.523.375,12
USIM5;19,05;494.703.354,83;24.456.523.375,12
USIM6;24,02;21.850,33;24.456.523.375,12
VALE3;112,9;3.082.277.915,38;596.617.202.887,80
VAMO3;53;35.049.041,38;12.076.102.470,00
VIVA3;31,86;39.030.649,21;7.525.260.920,34
VIVR3;2,42;25.219.288,79;257.747.707,14
VIVT3;45,57;89.335.747,88;77.058.182.941,11
VIVT4;45,34;111.231.163,93;77.058.182.941,11
VLID3;10,04;7.623.337,08;823.986.685,48
VSPT3;0;;0
VSPT4;0;;0
VULC3;9;6.585.278,79;2.211.807.114,00
VVAR3;14,55;476.125.846,25;23.241.502.169,55
WEGE3;34,22;284.218.438,50;143.632.221.891,56
WEST3;8,92;6.225.560,96;979.732.276,44
WHRL3;7,11;90.981,38;11.206.302.128,06
WHRL4;8,21;208.530,83;11.206.302.128,06
WIZS3;13,52;48.417.778,46;2.161.946.452,64
WLMM3;27;19.727,89;1.141.943.690,00
WLMM4;35;69.792,50;1.141.943.690,00
WSON33;64,05;2.191.899,21;4.643.823.555,00
YDUQ3;33,9;79.204.167,38;10.478.112.048,90